event_name,event_date,fighter1,fighter1_best,fighter1_avg,fighter2,fighter2_best,fighter2_avg
UFC,,Geoff Neal,1.465,1.465,Uros Medic,2.8,2.8
UFC,,Anthony Hernandez,1.364,1.364,Sean Strickland,3.25,3.25
UFC,,Dan Ige,2.98,2.98,Melquizael Costa,1.417,1.417
UFC,,Ante Delija,1.847,1.847,Serghei Spivac,2.0,2.0
UFC,,Jacobe Smith,1.312,1.312,Josiah Harrell,3.6,3.6
UFC,,Michel Pereira,1.595,1.595,Zach Reese,2.42,2.42
UFC,,Carlos Leal Miranda,1.704,1.704,Chidi Njokuani,2.2,2.2
UFC,,Alibi Idiris,1.704,1.704,Ode Osbourne,2.2,2.2
UFC,,Alden Coria,1.256,1.256,Luis Gurule,4.1,4.1
UFC Houston,,Joselyne Edwards,1.333,1.333,Nora Cornolle,3.45,3.45
UFC Houston,,Punahele Soriano,1.704,1.704,Ramiz Brahimaj,2.2,2.2
UFC Houston,,Jean-Paul Lebosnoyani,1.488,1.488,Phil Rowe,2.72,2.72
UFC Houston,,Jordan Leavitt,4.2,4.2,Yadier Del Valle,1.247,1.247
UFC Houston,,Carli Judice,1.118,1.118,Juliana Miller,6.9,6.9
UFC BJJ5,,Mikey Musumeci,,,Shay Montague,,
UFC BJJ5,,Ronaldo Junior,,,Tarik Hopstock,,
UFC BJJ5,,Andy Murasaki,,,Andy Varela,,
UFC BJJ5,,Landon Elmore,,,Rerisson Gabriel,,
UFC BJJ5,,Rebeca Lima,,,Taylor Hishaw,,
UFC BJJ5,,Carol Brunacio,,,Mona Bailey,,
UFC BJJ5,,Carlos Oliveira,,,Jalen Fonacier,,
UFC BJJ5,,Jonnatas Gracie,,,Lucas Yan,,
UFC BJJ5,,Nicholas Maglicic,,,Nicholas Meregali,,
UFC Vegas 113,,Mario Bautista,1.794,1.794,Vinicius Oliveira,2.08,2.08
UFC Vegas 113,,Amir Albazi,4.0,4.0,Kyoji Horiguchi,1.267,1.267
UFC Vegas 113,,Jailton Almeida,1.602,1.602,Rizvan Kuniev,2.4,2.4
UFC Vegas 113,,Marc-Andre Barriault,4.8,4.8,Michal Oleksiejczluk,1.204,1.204
UFC Vegas 113,,Farid Basharat,1.333,1.333,Jean Matsumoto,3.45,3.45
UFC Vegas 113,,Dustin Jacoby,1.685,1.685,Julius Walker,2.24,2.24
UFC Vegas 113,,Alex Morono,7.1,7.1,Daniil Donchenko,1.111,1.111
UFC Vegas 113,,Niko Price,3.15,3.15,Nikolay Veretennikov,1.385,1.385
UFC Vegas 113,,Bruna Brasil,2.28,2.28,Ketlen Souza,1.658,1.658
UFC: The Ultimate Fighter Nations Finale,,Michael Bisping,,,Tim Kennedy,,
UFC: The Ultimate Fighter Nations Finale,,Kyle Noke,,,Patrick Cote,,
UFC: The Ultimate Fighter Nations Finale,,Elias Theodorou,,,Sheldon Westcott,,
UFC: The Ultimate Fighter Nations Finale,,Chad Laprise,,,Olivier Aubin-Mercier,,
UFC: The Ultimate Fighter Nations Finale,,Akira Corassani,,,Dustin Poirier,,
UFC: The Ultimate Fighter Nations Finale,,K.J. Noons,,,Sam Stout,,
UFC: The Ultimate Fighter Nations Finale,,Leslie Smith,,,Sarah Kaufman,,
UFC: The Ultimate Fighter Nations Finale,,Ryan Jimmo,,,Sean O'Connell,,
UFC: The Ultimate Fighter Nations Finale,,Dustin Kimura,,,George Roop,,
UFC: The Ultimate Fighter Nations Finale,,Mark Bocek,,,Mike de La Torre,,
UFC: The Ultimate Fighter Nations Finale,,Nordine Taleb,,,Vik Grujic,,
UFC: The Ultimate Fighter Nations Finale,,Chris Indich,,,Richard Walsh,,
UFC: The Ultimate Fighter Nations Finale,,Mitch Gagnon,,,Tim Gorman,,
UFC: The Ultimate Fighter Brazil 3 Finale,,Fabio Maldonado,,,Stipe Miocic,,
UFC: The Ultimate Fighter Brazil 3 Finale,,Antonio Carlos Junior,,,Vitor Miranda,,
UFC: The Ultimate Fighter Brazil 3 Finale,,Marcio Alexandre Junior,,,Warlley Alves,,
UFC: The Ultimate Fighter Brazil 3 Finale,,Alexander Yakovlev,,,Demian Maia,,
UFC: The Ultimate Fighter Brazil 3 Finale,,Robert Peralta,,,Rony Jason,,
UFC: The Ultimate Fighter Brazil 3 Finale,,Rashid Magomedov,,,Rodrigo Damm,,
UFC: The Ultimate Fighter Brazil 3 Finale,,Elias Silverio,,,Ernest Chavez,,
UFC: The Ultimate Fighter Brazil 3 Finale,,Gasan Umalatov,,,Paulo Thiago,,
UFC: The Ultimate Fighter Brazil 3 Finale,,Kevin Souza,,,Mark Eddiva,,
UFC: The Ultimate Fighter Brazil 3 Finale,,Marcos Rogerio de Lima,,,Richardson Moreira,,
UFC: The Ultimate Fighter Brazil 3 Finale,,Ricardo Abreu,,,Wagner Silva,,
UFC: The Ultimate Fighter Brazil 3 Finale,,Matt Hobar,,,Pedro Munhoz,,
UFC: The Ultimate Fighter 19 Finale,,B.J. Penn,,,Frankie Edgar,,
UFC: The Ultimate Fighter 19 Finale,,Corey Anderson,,,Matt van Buren,,
UFC: The Ultimate Fighter 19 Finale,,Dhiego Lima,,,Eddie Gordon,,
UFC: The Ultimate Fighter 19 Finale,,Derrick Lewis,,,Guto Inocente,,
UFC: The Ultimate Fighter 19 Finale,,Dustin Ortiz,,,Justin Scoggins,,
UFC: The Ultimate Fighter 19 Finale,,Jesse Ronson,,,Kevin Lee,,
UFC: The Ultimate Fighter 19 Finale,,Jumabieke Tuerxun,,,Leandro Issa,,
UFC: The Ultimate Fighter 19 Finale,,Adriano Martins,,,Juan Manuel Puig,,
UFC: The Ultimate Fighter 19 Finale,,Dan Spohn,,,Patrick Walsh,,
UFC: The Ultimate Fighter 19 Finale,,Alexis Dufresne,,,Sarah Moras,,
UFC: The Ultimate Fighter 19 Finale,,Keith Berish,,,Robert Drysdale,,
UFC: The Ultimate Fighter 20 Finale,,Carla Esparza,,,Rose Namajunas,,
UFC: The Ultimate Fighter 20 Finale,,Charles Oliveira,,,Jeremy Stephens,,
UFC: The Ultimate Fighter 20 Finale,,Daron Cruickshank,,,K.J. Noons,,
UFC: The Ultimate Fighter 20 Finale,,Joe Proctor,,,Yancy Medeiros,,
UFC: The Ultimate Fighter 20 Finale,,Jessica Penne,,,Randa Markos,,
UFC: The Ultimate Fighter 20 Finale,,Felice Herrig,,,Lisa Ellis,,
UFC: The Ultimate Fighter 20 Finale,,Angela Magana,,,Tecia Torres,,
UFC: The Ultimate Fighter 20 Finale,,Joanne Calderwood,,,Seo Hee Ham,,
UFC: The Ultimate Fighter 20 Finale,,Bec Rawlings,,,Heather Clark,,
UFC: The Ultimate Fighter 20 Finale,,Aisling Daly,,,Alex Chambers,,
UFC: The Ultimate Fighter 20 Finale,,Angela Hill,,,Emily Kagan,,
UFC: The Ultimate Fighter 21 Finale: Ellenberger vs. Thompson,,Jake Ellenberger,,,Stephen Thompson,,
UFC: The Ultimate Fighter 21 Finale: Ellenberger vs. Thompson,,Hayder Hassan,,,Kamaru Usman,,
UFC: The Ultimate Fighter 21 Finale: Ellenberger vs. Thompson,,Mike Graves,,,Vicente Luque,,
UFC: The Ultimate Fighter 21 Finale: Ellenberger vs. Thompson,,Cezar Ferreira,,,Jorge Masvidal,,
UFC: The Ultimate Fighter 21 Finale: Ellenberger vs. Thompson,,Angela Magana,,,Michelle Waterson,,
UFC: The Ultimate Fighter 21 Finale: Ellenberger vs. Thompson,,Maximo Blanco,,,Mike de La Torre,,
UFC: The Ultimate Fighter 21 Finale: Ellenberger vs. Thompson,,Caio Magalhaes,,,Josh Samman,,
UFC: The Ultimate Fighter 21 Finale: Ellenberger vs. Thompson,,Jerrod Sanders,,,Russell Doane,,
UFC: The Ultimate Fighter 21 Finale: Ellenberger vs. Thompson,,Dan Miller,,,Trevor Smith,,
UFC: The Ultimate Fighter 21 Finale: Ellenberger vs. Thompson,,Dominic Waters,,,George Sullivan,,
UFC: The Ultimate Fighter 21 Finale: Ellenberger vs. Thompson,,Darrell Montague,,,Willie Gates,,
UFC: The Ultimate Fighter 22 Finale: Edgar vs. Mendes,,Chad Mendes,,,Frankie Edgar,,
UFC: The Ultimate Fighter 22 Finale: Edgar vs. Mendes,,Artem Lobov,,,Ryan Hall,,
UFC: The Ultimate Fighter 22 Finale: Edgar vs. Mendes,,Edson Barboza,,,Tony Ferguson,,
UFC: The Ultimate Fighter 22 Finale: Edgar vs. Mendes,,Evan Dunham,,,Joe Lauzon,,
UFC: The Ultimate Fighter 22 Finale: Edgar vs. Mendes,,Mike Pierce,,,Ryan Laflare,,
UFC: The Ultimate Fighter 22 Finale: Edgar vs. Mendes,,Jason Knight,,,Tatsuya Kawajiri,,
UFC: The Ultimate Fighter 22 Finale: Edgar vs. Mendes,,Gabriel Gonzaga,,,Konstantin Erokhin,,
UFC: The Ultimate Fighter 22 Finale: Edgar vs. Mendes,,Geane Herrera,,,Joby Sanchez,,
UFC: The Ultimate Fighter 22 Finale: Edgar vs. Mendes,,Julian Erosa,,,Marcin Wrzosek,,
UFC: The Ultimate Fighter 22 Finale: Edgar vs. Mendes,,Abner Lloveras,,,Chris Gruetzemacher,,
UFC: The Ultimate Fighter 23 Finale: Team Joanna vs. Team Claudia,,Claudia Gadelha,,,Joanna Jedrzejczyk,,
UFC: The Ultimate Fighter 23 Finale: Team Joanna vs. Team Claudia,,Andrew Sanchez,,,Khalil Rountree,,
UFC: The Ultimate Fighter 23 Finale: Team Joanna vs. Team Claudia,,Amanda Bobby Cooper,,,Tatiana Suarez,,
UFC: The Ultimate Fighter 23 Finale: Team Joanna vs. Team Claudia,,Ross Pearson,,,Will Brooks,,
UFC: The Ultimate Fighter 23 Finale: Team Joanna vs. Team Claudia,,Doo Ho Choi,,,Thiago Tavares,,
UFC: The Ultimate Fighter 23 Finale: Team Joanna vs. Team Claudia,,Fernando Bruno,,,Gray Maynard,,
UFC: The Ultimate Fighter 23 Finale: Team Joanna vs. Team Claudia,,Andrew Holbrook,,,Joaquim Silva,,
UFC: The Ultimate Fighter 23 Finale: Team Joanna vs. Team Claudia,,John Moraga,,,Matheus Nicolau,,
UFC: The Ultimate Fighter 23 Finale: Team Joanna vs. Team Claudia,,Cory Hendricks,,,Josh Stansbury,,
UFC: The Ultimate Fighter 23 Finale: Team Joanna vs. Team Claudia,,Anthony Smith,,,Cezar Ferreira,,
UFC: The Ultimate Fighter 23 Finale: Team Joanna vs. Team Claudia,,Jake Matthews,,,Kevin Lee,,
UFC: The Ultimate Fighter 23 Finale: Team Joanna vs. Team Claudia,,Anton Zafir,,,Li Jingliang,,
UFC: The Ultimate Fighter 24 Finale,,Demetrious Johnson,,,Tim Elliott,,
UFC: The Ultimate Fighter 24 Finale,,Henry Cejudo,,,Joseph Benavidez,,
UFC: The Ultimate Fighter 24 Finale,,Jake Ellenberger,,,Jorge Masvidal,,
UFC: The Ultimate Fighter 24 Finale,,Ion Cutelaba,,,Jared Cannonier,,
UFC: The Ultimate Fighter 24 Finale,,Alexis Davis,,,Sara McMann,,
UFC: The Ultimate Fighter 24 Finale,,Brandon Moreno,,,Ryan Benoit,,
UFC: The Ultimate Fighter 24 Finale,,Gray Maynard,,,Ryan Hall,,
UFC: The Ultimate Fighter 24 Finale,,Matt Schnell,,,Rob Font,,
UFC: The Ultimate Fighter 24 Finale,,Brendan O'Reilly,,,Dong Hyun Ma,,
UFC: The Ultimate Fighter 24 Finale,,Jamie Moyle,,,Kailin Curran,,
UFC: The Ultimate Fighter 24 Finale,,Anthony Smith,,,Elvis Mutapcic,,
UFC: The Ultimate Fighter 24 Finale,,Devin Clark,,,Josh Stansbury,,
UFC: The Ultimate Fighter 25 Finale: Johnson vs. Gaethje,,Justin Gaethje,,,Michael Johnson,,
UFC: The Ultimate Fighter 25 Finale: Johnson vs. Gaethje,,Dhiego Lima,,,Jesse Taylor,,
UFC: The Ultimate Fighter 25 Finale: Johnson vs. Gaethje,,Jared Cannonier,,,Nick Roehrick,,
UFC: The Ultimate Fighter 25 Finale: Johnson vs. Gaethje,,Angela Hill,,,Ashley Yoder,,
UFC: The Ultimate Fighter 25 Finale: Johnson vs. Gaethje,,James Krause,,,Tom Gallicchio,,
UFC: The Ultimate Fighter 25 Finale: Johnson vs. Gaethje,,C.B. Dollaway,,,Ed Herman,,
UFC: The Ultimate Fighter 25 Finale: Johnson vs. Gaethje,,Gray Maynard,,,Teruto Ishihara,,
UFC: The Ultimate Fighter 25 Finale: Johnson vs. Gaethje,,Juliana Lima,,,Tecia Torres,,
UFC: The Ultimate Fighter 25 Finale: Johnson vs. Gaethje,,Drakkar Klose,,,Marc Diakiese,,
UFC: The Ultimate Fighter 25 Finale: Johnson vs. Gaethje,,Brad Tavares,,,Elias Theodorou,,
UFC: The Ultimate Fighter 25 Finale: Johnson vs. Gaethje,,Jordan Johnson,,,Marcel Fortuna,,
UFC: The Ultimate Fighter 26 Finale,,Nicco Montano,,,Roxanne Modafferi,,
UFC: The Ultimate Fighter 26 Finale,,Sean O'Malley,,,Terrion Ware,,
UFC: The Ultimate Fighter 26 Finale,,Eric Spicely,,,Gerald Meerschaert,,
UFC: The Ultimate Fighter 26 Finale,,Brett Johns,,,Joe Soto,,
UFC: The Ultimate Fighter 26 Finale,,Andrew Sanchez,,,Ryan Janes,,
UFC: The Ultimate Fighter 26 Finale,,Deanna Bennett,,,Melinda Fabian,,
UFC: The Ultimate Fighter 26 Finale,,Christina Marks,,,Montana de La Rosa,,
UFC: The Ultimate Fighter 26 Finale,,Karine Gevorgyan,,,Rachael Ostovich,,
UFC: The Ultimate Fighter 26 Finale,,Ariel Beck,,,Shana Dobson,,
UFC: The Ultimate Fighter 26 Finale,,Emily Whitmire,,,Gillian Robertson,,
UFC: The Ultimate Fighter 26 Finale,,Barb Honchak,,,Lauren Murphy,,
UFC: The Ultimate Fighter 27 Finale: Tavares vs. Adesanya,,Brad Tavares,,,Israel Adesanya,,
UFC: The Ultimate Fighter 27 Finale: Tavares vs. Adesanya,,Joe Giannetti,,,Mike Trizano,,
UFC: The Ultimate Fighter 27 Finale: Tavares vs. Adesanya,,Brad Katona,,,Jay Cucciniello,,
UFC: The Ultimate Fighter 27 Finale: Tavares vs. Adesanya,,Alex Caceres,,,Martin Bravo,,
UFC: The Ultimate Fighter 27 Finale: Tavares vs. Adesanya,,Barb Honchak,,,Roxanne Modafferi,,
UFC: The Ultimate Fighter 27 Finale: Tavares vs. Adesanya,,Alessio Di Chirico,,,Julian Marquez,,
UFC: The Ultimate Fighter 27 Finale: Tavares vs. Adesanya,,Montana de La Rosa,,,Rachael Ostovich,,
UFC: The Ultimate Fighter 27 Finale: Tavares vs. Adesanya,,Luis Pena,,,Richie Smullen,,
UFC: The Ultimate Fighter 27 Finale: Tavares vs. Adesanya,,Allan Zuniga,,,John Gunther,,
UFC: The Ultimate Fighter 27 Finale: Tavares vs. Adesanya,,Bryce Mitchell,,,Tyler Diamond,,
UFC: The Ultimate Fighter 27 Finale: Tavares vs. Adesanya,,Matt Bessette,,,Steven Peterson,,
UFC: The Ultimate Fighter 27 Finale: Tavares vs. Adesanya,,Gerald Meerschaert,,,Oskar Piechota,,
UFC: The Ultimate Fighter 28 Finale: Dos Anjos vs. Usman,,Kamaru Usman,,,Rafael Dos Anjos,,
UFC: The Ultimate Fighter 28 Finale: Dos Anjos vs. Usman,,Juan Espino,,,Justin Frazier,,
UFC: The Ultimate Fighter 28 Finale: Dos Anjos vs. Usman,,Macy Chiasson,,,Pannie Kianzad,,
UFC: The Ultimate Fighter 28 Finale: Dos Anjos vs. Usman,,Bryan Caraway,,,Pedro Munhoz,,
UFC: The Ultimate Fighter 28 Finale: Dos Anjos vs. Usman,,Darren Stewart,,,Edmen Shahbazyan,,
UFC: The Ultimate Fighter 28 Finale: Dos Anjos vs. Usman,,Antonina Shevchenko,,,Ji Yeon Kim,,
UFC: The Ultimate Fighter 28 Finale: Dos Anjos vs. Usman,,Kevin Aguilar,,,Rick Glenn,,
UFC: The Ultimate Fighter 28 Finale: Dos Anjos vs. Usman,,Alex Perez,,,Joseph Benavidez,,
UFC: The Ultimate Fighter 28 Finale: Dos Anjos vs. Usman,,Maurice Greene,,,Michel Batista,,
UFC: The Ultimate Fighter 28 Finale: Dos Anjos vs. Usman,,Julia Stoliarenko,,,Leah Letson,,
UFC: The Ultimate Fighter 28 Finale: Dos Anjos vs. Usman,,Darrell Horcher,,,Roosevelt Roberts,,
UFC: The Ultimate Fighter 28 Finale: Dos Anjos vs. Usman,,Ricky Rainey,,,Tim Means,,
UFC: The Ultimate Fighter 28 Finale: Dos Anjos vs. Usman,,Chris Gutierrez,,,Raoni Barcelos,,
UFC,,Israel Adesanya,1.465,1.465,Robert Whittaker,2.8,2.8
UFC,,Rafael Dos Anjos,3.0,3.0,Rafael Fiziev,1.408,1.408
UFC,,Jamahal Hill,1.392,1.392,Johnny Walker,3.1,3.1
UFC,,Jamie Pickett.,3.2,3.2,Kyle Daukaus,1.37,1.37
UFC,,Alan Baudot,3.2,3.2,Parker Porter,1.37,1.37
UFC,,Jim Miller,2.46,2.46,Nikolas Motta,1.575,1.575
UFC,,Abdul Razak Alhassan,2.5,2.5,Joaquin Buckley,1.562,1.562
UFC,,David Onama,1.595,1.595,Gabriel Benitez,2.42,2.42
UFC,,Jessica-Rose Clark,1.532,1.532,Stephanie Egger,2.58,2.58
UFC,,Alexander Romanov,,,Ilir Latifi,,
UFC,,Julian Marquez,,,Kyle Daukaus,,
UFC,,Austin Lingo,,,Jonathan Pearce,,
UFC,,Khalid Taha,,,Mario Bautista,,
UFC,,Chas Skelly,1.488,1.488,Mark Striegl,2.72,2.72
UFC,,Diana Belbirr,1.833,1.833,Gloria de Paula,2.02,2.02
UFC,,Chad Anheliger,1.37,1.37,Jesse Strader,3.2,3.2
UFC,,Christian Rodriguez,4.1,4.1,Jonathan Pearce,1.256,1.256
UFC,,Jay Perrin,4.1,4.1,Mario Bautista,1.256,1.256
UFC,,Magomed Ankalaev,1.139,1.139,Thiago Santos,6.2,6.2
UFC,,Marlon Moraes,3.5,3.5,Yadong Song,1.323,1.323
UFC,,Alex Caceres,3.2,3.2,Sodiq Yusuff,1.37,1.37
UFC,,Karl Roberson,1.704,1.704,Khalil Rountree Jr,2.2,2.2
UFC,,Drew Dober,1.617,1.617,Terrance McKinney,2.36,2.36
UFC,,Alex Pereira,1.5,1.5,Bruno Silva,2.68,2.68
UFC,,A.J. Fletcher,2.72,2.72,Matthew Semelsberger,1.5,1.5
UFC,,Gillian Robertson,1.833,1.833,Jj Aldrich,2.02,2.02
UFC,,Javid Basharat,1.633,1.633,Trevin Jones,2.34,2.34
UFC,,Damon Jackson,1.847,1.847,Kamuela Kirk.,2.0,2.0
UFC,,Miranda Maverick,1.267,1.267,Sabina Mazo,4.0,4.0
UFC,,Cody Brundage,2.14,2.14,Dalcha Lungiambula,1.746,1.746
UFC,,Guido Cannetti,2.54,2.54,Kris Moutinho,1.543,1.543
UFC,,Azamat Murzakanov,1.51,1.51,Tafon Nchukwi,2.64,2.64
UFC,,Alex Volkanovski,1.256,1.256,Yair Rodriguez,4.1,4.1
UFC,,Alexandre Pantoja,2.66,2.66,Brandon Moreno,1.505,1.505
UFC,,Dricus Du Plessis,4.0,4.0,Robert Whittaker,1.267,1.267
UFC,,Dan Hooker,3.45,3.45,Jalin Turner,1.333,1.333
UFC,,Bo Nickal,1.045,1.045,Val Woodburn,12.0,12.0
UFC,,Niko Price,1.455,1.455,Robbie Lawler,2.84,2.84
UFC,,Edgar Chairez,8.0,8.0,Tatsuro Taira,1.091,1.091
UFC,,Denise Gomes,4.0,4.0,Yazmin Jauregui,1.267,1.267
UFC,,Alonzo Menifield,2.22,2.22,Jimmy Crute,1.694,1.694
UFC,,Conor McGregor,,,Ronda Rousey,,
UFC,,Dustin Poirier,1.658,1.658,Justin Gaethje,2.28,2.28
UFC,,Alex Pereira,1.893,1.893,Jan Brachowicz,1.962,1.962
UFC,,Derrick Lewis,2.76,2.76,Marcos Rogerio,1.476,1.476
UFC,,Michel Pereira,,,Stephen Thompson,,
UFC,,Bobby Green,1.267,1.267,Tony Ferguson,4.0,4.0
UFC,,Kevin Holland,1.735,1.735,Michael Chiesa,2.16,2.16
UFC,,Gabriel Bonfim,1.286,1.286,Trevin Giles,3.8,3.8
UFC,,C.J. Vergara,1.595,1.595,Vinicius Salvador,2.42,2.42
UFC,,Claudio Ribeiro,2.94,2.94,Roman Kopylov,1.426,1.426
UFC,,Darrius Flowers,3.35,3.35,Jake Matthews,1.345,1.345
UFC 295: Jones vs. Miocic,,Joshua van,1.408,1.408,Kevin Borjas,3.0,3.0
UFC 295: Jones vs. Miocic,,Dennis Buzukja,3.1,3.1,Jamall Emmers,1.392,1.392
UFC 295: Jones vs. Miocic,,Mateusz Rebecki,,,Nurullo Aliev,,
UFC,,Modestas Bukauskas,3.15,3.15,Vitor Petrino,1.385,1.385
UFC,,Angela Hill,2.16,2.16,Denise Gomes,1.735,1.735
UFC,,Eduarda Moura,1.161,1.161,Montserrat Ruiz,5.6,5.6
UFC,,Kaue Fernandes,2.64,2.64,Marc Diakiese,1.51,1.51
UFC,,Curtis Blaydes,,,Jailton Almeida,,
UFC,,Conor McGregor,,,Michael Chandler,,
UFC,,Cory Sandhagen,1.256,1.256,Rob Font,4.1,4.1
UFC,,Jessica Andrade,4.1,4.1,Tatiana Suarez,1.256,1.256
UFC,,Dustin Jacoby,2.46,2.46,Kennedy Nzechukwu,1.575,1.575
UFC,,Diego Lopes,1.575,1.575,Gavin Tucker,2.46,2.46
UFC,,Aleksa Camur,2.08,2.08,Tanner Boser,1.794,1.794
UFC,,Ignacio Bahamondes,1.417,1.417,Rudovit Klein,2.98,2.98
UFC,,Kyler Phillips,1.476,1.476,Raoni Barcelos,2.76,2.76
UFC,,Carlston Harris,2.0,2.0,Jeremiah Wells,1.847,1.847
UFC,,Elves Brener,,,Esteban Ribovics,,
UFC,,Derrick Lewis,4.3,4.3,Jailton Almeida,1.238,1.238
UFC,,Gabriel Bonfim,1.161,1.161,Nicolas Dalby,5.6,5.6
UFC,,Don'tale Mayes,2.68,2.68,Rodrigo Nascimento,1.5,1.5
UFC,,Abus Magomedov,3.4,3.4,Caio Borralho,1.339,1.339
UFC,,Armen Petrosyan,1.926,1.926,Rodolfo Vieira,1.926,1.926
UFC,,Elves Brener,1.417,1.417,Kaynan Kruschewsky,2.98,2.98
UFC,,Elizeu Zaleski Dos Santos,3.7,3.7,Rinat Fakhretdinov,1.299,1.299
UFC,,Aljamain Sterling,1.37,1.37,Sean Omalley,3.2,3.2
UFC,,Amanda Lemos,3.65,3.65,Zhang Weili,1.303,1.303
UFC,,Ian Garry,1.2,1.2,Neil Magny,4.85,4.85
UFC,,Da'mon Blackshear,2.84,2.84,Mario Bautista,1.455,1.455
UFC,,Marlon Vera,1.543,1.543,Pedro Munhoz,2.54,2.54
UFC,,Brad Tavares,1.435,1.435,Chris Weidman,2.9,2.9
UFC,,Denis Tiuliulin,4.1,4.1,Gregory Rodrigues,1.256,1.256
UFC,,Austin Hubbard,1.581,1.581,Kurt Holobaugh,2.44,2.44
UFC,,Brad Katona,1.543,1.543,Cody Gibson,2.54,2.54
UFC,,Jon Jones,,,Stipe Miocic,,
UFC,,Alex Pereira,1.926,1.926,Jiri Prochazka,1.926,1.926
UFC,,Sergei Pavlovich,2.04,2.04,Tom Aspinall,1.82,1.82
UFC,,Jessica Andrade,3.0,3.0,Mackenzie Dern,1.408,1.408
UFC,,Benoit Saint-Denis,1.426,1.426,Matt Frevola,2.94,2.94
UFC,,Diego Lopes,2.0,2.0,Pat Sabatini,1.847,1.847
UFC,,Alessandro Costa,2.8,2.8,Stephen Erceg,1.465,1.465
UFC,,Loopy Godinez,1.476,1.476,Tabatha Ricci,2.76,2.76
UFC,,Mateusz Rebecki,1.122,1.122,Roosevelt Roberts,6.7,6.7
UFC,,Nazim Sadykhov,1.61,1.61,Viacheslav Borshchev,2.38,2.38
UFC,,Jared Gordon,1.426,1.426,Mark Madsen,2.94,2.94
UFC,,John Castaneda,1.833,1.833,Kyung Ho Kang,2.02,2.02
UFC,,Alexa Grasso,2.44,2.44,Valentina Shevchenko,1.581,1.581
UFC,,Jack Della Maddalena,1.862,1.862,Kevin Holland,1.98,1.98
UFC,,Raul Rosas Jr,1.13,1.13,Terrence Mitchell,6.4,6.4
UFC,,Christos Giagos,3.2,3.2,Daniel Zellhuber,1.37,1.37
UFC,,Fernando Padilla,1.4,1.4,Kyle Nelson,3.05,3.05
UFC,,Elise Reed,4.1,4.1,Lupita Godinez,1.256,1.256
UFC,,Josh Fremd,3.6,3.6,Roman Kopylov,1.312,1.312
UFC,,Daniel da Silva Lacerda,2.84,2.84,Edgar Chairez,1.455,1.455
UFC,,Jasmine Jasudavicius,2.02,2.02,Tracy Cortez,1.833,1.833
UFC,,Bobby Green,4.8,4.8,Grant Dawson,1.204,1.204
UFC,,Abdul Razak Alhassan,4.2,4.2,Joe Pfyer,1.247,1.247
UFC,,Alex Morono,2.46,2.46,Joaquin Buckley,1.575,1.575
UFC,,Alexandre Pantoja,1.488,1.488,Brandon Royval,2.72,2.72
UFC,,Shavkat Rakhmonov,1.161,1.161,Stephen Thompson,5.6,5.6
UFC,,Paddy Pimblett,1.312,1.312,Tony Ferguson,3.6,3.6
UFC,,Bryce Mitchell,1.392,1.392,Josh Emmett,3.1,3.1
UFC,,Alonzo Menifield,3.15,3.15,Dustin Jacoby,1.385,1.385
UFC,,Irene Aldana,1.538,1.538,Karol Rosa,2.56,2.56
UFC,,Brian Kelleher,2.58,2.58,Cody Garbrandt,1.532,1.532
UFC,,Ariane Lipski,2.56,2.56,Casey O'Neill,1.538,1.538
UFC,,Cody Durden,2.54,2.54,Tagir Ulanbekov,1.543,1.543
UFC,,Andre Fili,1.575,1.575,Lucas Almeida,2.46,2.46
UFC,,Colby Covington,2.24,2.24,Leon Edwards,1.685,1.685
UFC,,Martin Buday,1.862,1.862,Shamil Gaziev,1.98,1.98
UFC,,Ian Garry,,,Vicente Luque,,
UFC,,Giga Chikadze,,,Josh Emmett,,
UFC,,Arman Tsarukyan,1.392,1.392,Beneil Dariush,3.1,3.1
UFC,,Bobby Green,2.54,2.54,Jalin Turner,1.543,1.543
UFC,,Deiveson Figueiredo,2.14,2.14,Rob Font,1.746,1.746
UFC,,Kelvin Gastelum,1.98,1.98,Sean Brady,1.862,1.862
UFC,,Clay Guida,3.7,3.7,Joaquim Silva,1.299,1.299
UFC,,Dustin Stoltzfus,3.65,3.65,Punahele Soriano,1.303,1.303
UFC,,Brendan Allen,1.227,1.227,Paul Craig,4.1,4.1
UFC,,Jake Matthews,3.6,3.6,Michael Morales,1.312,1.312
UFC,,Chase Hooper,1.465,1.465,Jordan Leavitt,2.72,2.72
UFC,,Nick Aguirre,5.6,5.6,Payton Talbott,1.161,1.161
UFC,,Jonny Parsons,,,Uros Medic,,
UFC,,Amanda Ribas,1.444,1.444,Luana Pinheiro,2.88,2.88
UFC,,Myktybek Orolbai,1.909,1.909,Uros Medic,1.943,1.943
UFC,,Joanderson Brito,2.14,2.14,Jonathan Pearce,1.685,1.685
UFC,,Chad Anheliger,2.88,2.88,Jose Johnson,1.444,1.444
UFC,,Christian Leroy Duncan,1.161,1.161,Denis Tiuliulin,5.6,5.6
UFC,,Caio Machado,4.2,4.2,Mick Parkin,1.247,1.247
UFC,,Jeka Saragih,5.1,5.1,Lucas Alexander,1.182,1.182
UFC,,Ailin Perez,1.526,1.526,Lucie Pudilova,2.6,2.6
UFC,,Nikolas Motta,1.758,1.758,Trey Ogden,2.12,2.12
UFC,,Charles Johnson,2.28,2.28,Rafael Estevam,1.633,1.633
UFC,,Jimmy Flick,2.68,2.68,Malcolm Gordon,1.5,1.5
UFC,,Johnny Walker,5.1,5.1,Magomed Ankalaev,1.182,1.182
UFC,,Gabriel Benitez,2.26,2.26,Jim Miller,1.676,1.676
UFC,,Mario Bautista,2.54,2.54,Ricky Simon,1.543,1.543
UFC,,Manel Kape,,,Matheus Nicolau,,
UFC,,Brunno Ferreira,1.725,1.725,Phil Hawes,2.18,2.18
UFC,,Andrei Arlovski,5.9,5.9,Waldo Cortes-Acosta,1.149,1.149
UFC,,Matthew Semelsberger,1.98,1.98,Preston Parsons,1.862,1.862
UFC,,Gaston Bolanos,3.15,3.15,Marcus McGhee,1.385,1.385
UFC,,Ketlen Vieira,,,Macy Chiasson,,
UFC,,Farid Basharat,1.345,1.345,Taylor Lapilus,3.35,3.35
UFC,,Jean Silva,1.105,1.105,Westin Wilson,7.4,7.4
UFC,,Nikolas Motta,4.0,4.0,Tom Nolan,1.233,1.233
UFC,,Felipe Bunes,3.15,3.15,Joshua van,1.385,1.385
UFC,,Anthony Smith,2.8,2.8,Khalil Rountree,1.465,1.465
UFC,,Chris Gutierrez,4.0,4.0,Song Yadong,1.267,1.267
UFC,,Jamie Mullarkey,2.64,2.64,Nasrat Haqparast,1.51,1.51
UFC,,Su Mudaerji,2.3,2.3,Tim Elliott,1.649,1.649
UFC,,Andre Muniz,2.58,2.58,Jun Yong Park,1.532,1.532
UFC,,Kenan Song,2.28,2.28,Kevin Jousset,1.658,1.658
UFC,,Park Hyun-Sung,1.161,1.161,Shannon Ross,5.6,5.6
UFC,,Melquizael Costa,1.435,1.435,Steve Garcia,2.9,2.9
UFC,,Luana Santos,1.658,1.658,Stephanie Egger,2.28,2.28
UFC,,Carlos Hernandez,5.2,5.2,Tatsuro Taira,1.179,1.179
UFC,,Rayanne Dos Santos,1.633,1.633,Talita Alencar,2.34,2.34
UFC,,Andrea Lee,2.68,2.68,Miranda Maverick,1.5,1.5
UFC,,Asu Almabaev,1.179,1.179,Cj Vergara,5.2,5.2
UFC,,Joanne Wood,2.84,2.84,Maryna Moroz,1.455,1.455
UFC,,Jalin Turner,1.385,1.385,Renato Moicano,3.15,3.15
UFC,,Jessica Andrade,1.658,1.658,Marina Rodriguez,2.28,2.28
UFC,,Bobby Green,1.526,1.526,Jim Miller,2.6,2.6
UFC,,Cody Garbrandt,3.8,3.8,Deiveson Figueiredo,1.286,1.286
UFC,,Gillian Robertson,1.526,1.526,Michelle Waterson-Gomez,2.6,2.6
UFC,,Andrei Arlovski,3.2,3.2,Martin Buday,1.37,1.37
UFC,,Carlos Hernandez,4.15,4.15,Rei Tsuruya,1.25,1.25
UFC,,Ricky Simon,1.392,1.392,Vinicius Oliveira,3.1,3.1
UFC,,Conor McGregor,,,Michael Chandler,,
UFC,,Anthony Smith,,,Carlos Ulberg,,
UFC,,Raul Rosas Jr,1.392,1.392,Ricky Turcios,3.1,3.1
UFC,,Brandon Moreno,1.312,1.312,Brandon Royval,3.6,3.6
UFC,,Brian Ortega,2.46,2.46,Yair Rodriguez,1.575,1.575
UFC,,Daniel Zellhuber,1.339,1.339,Francisco Prado,3.4,3.4
UFC,,Sam Hughes,6.4,6.4,Yazmin Jauregui,1.13,1.13
UFC,,Chris Duncan,2.54,2.54,Manuel Torres,1.5,1.5
UFC,,Christian Quinonez,2.38,2.38,Raoni Barcelos,1.61,1.61
UFC,,Jesus Santos Aguilar,2.08,2.08,Mateus Mendonca,1.769,1.769
UFC,,Daniel da Silva,,,Edgar Chairez,,
UFC,,Daniel Lacerda,4.85,4.85,Edgar Chairez,1.2,1.2
UFC,,Claudio Puelles,2.8,2.8,Fares Ziam,1.465,1.465
UFC,,Denys Bondar,2.0,2.0,Luis Rodriguez,1.847,1.847
UFC,,Felipe Dos Santos,1.339,1.339,Victor Altamirano,3.4,3.4
UFC,,Erik Silva,5.2,5.2,Muhammad Naimov,1.179,1.179
UFC,,Bolaji Oki,1.581,1.581,Timothy Cuamba,2.44,2.44
UFC,,Bruna Brasil,3.35,3.35,Loma Lookboonmee,1.345,1.345
UFC,,Devin Clark,1.465,1.465,Marcin Prachnio,2.8,2.8
UFC,,Jeremiah Wells,1.61,1.61,Max Griffin,2.38,2.38
UFC,,Bogdan Guskov,2.16,2.16,Zac Pauga,1.735,1.735
UFC,,Fernie Garcia,3.05,3.05,Hyder Amil,1.4,1.4
UFC,,Daniel Marcos,,,Qileng Aori,,
UFC,,Aori Qileng,3.35,3.35,Daniel Marcos,1.345,1.345
UFC,,Jared Cannonier,2.08,2.08,Nassourdine Imavov,1.769,1.769
UFC,,Dominick Reyes,3.0,3.0,Dustin Jacoby,1.408,1.408
UFC,,Raul Rosas Jr,1.333,1.333,Ricky Turcios,3.45,3.45
UFC,,Brunno Ferreira,1.37,1.37,Dustin Stoltzfus,3.2,3.2
UFC,,Julian Marquez,1.704,1.704,Zachary Reese,2.2,2.2
UFC,,Miguel Baeza,1.5,1.5,Punahele Soriano,2.68,2.68
UFC,,Erin Blanchfield,1.51,1.51,Manon Fiorot,2.64,2.64
UFC,,Joaquin Buckley,2.08,2.08,Vicente Luque,1.794,1.794
UFC,,Bruno Silva,1.505,1.505,Chris Weidman,2.66,2.66
UFC,,Nursulton Ruziboev,1.455,1.455,Sedriques Dumas,2.84,2.84
UFC,,Bill Algeo,1.385,1.385,Kyle Nelson,3.15,3.15
UFC,,Chidi Njokuani,1.694,1.694,Rhys McKee,2.22,2.22
UFC,,Jamall Emmers,1.532,1.532,Nate Landwehr,2.58,2.58
UFC,,Lupita Godinez,1.465,1.465,Virna Jandiroba,2.8,2.8
UFC,,Herbert Burns,3.95,3.95,Julio Arce,1.27,1.27
UFC,,Connor Matthews,2.0,2.0,Dennis Buzukja,1.847,1.847
UFC,,Anton Turkalj,2.06,2.06,Ibo Aslan,1.806,1.806
UFC,,Melissa Gatto,1.641,1.641,Victoria Dudakova,2.32,2.32
UFC,,Amanda Ribas,2.76,2.76,Rose Namajunas,1.476,1.476
UFC,,Justin Tafa,2.52,2.52,Karl Williams,1.556,1.556
UFC,,Aj Dobson,2.64,2.64,Edmen Shahbazyan,1.51,1.51
UFC,,Cameron Saaiman,2.3,2.3,Payton Talbott,1.649,1.649
UFC,,Billy Quartantillo,2.08,2.08,Youssef Zalal,1.794,1.794
UFC,,Fernando Padilla,1.562,1.562,Luis Pajuelo,2.5,2.5
UFC,,Kurt Holobaugh,2.1,2.1,Trey Ogden,1.769,1.769
UFC,,Julian Erosa,2.48,2.48,Ricardo Ramos,1.568,1.568
UFC,,Cody Gibson,2.16,2.16,Miles Johns,1.735,1.735
UFC,,Jarno Errens,2.36,2.36,Steven Nguyen,1.617,1.617
UFC,,Darya Zheleznyakova,1.417,1.417,Montserrat Rendon,2.98,2.98
UFC,,Macy Chiasson,1.4,1.4,Pannie Kianzad,3.05,3.05
UFC,,Bryan Barberena,3.05,3.05,Gerald Meerschaert,1.4,1.4
UFC,,Mike Davis,1.204,1.204,Natan Levy,4.8,4.8
UFC,,Chelsea Chandler,2.24,2.24,Josiane Nunes,1.633,1.633
UFC,,Jafel Filho,1.562,1.562,Ode Osbourne,2.5,2.5
UFC,,Danny Silva,2.8,2.8,Josh Culibao,1.465,1.465
UFC,,Cory McKenna,1.658,1.658,Jaqueline Amorim,2.28,2.28
UFC,,Mitch Ramirez,3.8,3.8,Thiago Moises,1.286,1.286
UFC,,Chad Anheliger,2.52,2.52,Charalampos Grigoriou,1.556,1.556
UFC,,Jairzinho Rozenstruik,2.6,2.6,Shamil Gaziev,1.526,1.526
UFC,,Joel Alvarez,,,Ludovit Klein,,
UFC,,Brendon Marotte,,,Mohammad Yahya,,
UFC,,Vinicius Oliveira,,,Yanis Ghemmouri,,
UFC,,Tyson Pedro,4.1,4.1,Vitor Petrino,1.256,1.256
UFC,,Alex Perez,3.95,3.95,Muhammad Mokaev,1.27,1.27
UFC,,Bekzat Almakhan,8.5,8.5,Umar Nurmagomedov,1.083,1.083
UFC,,Matt Schnell,4.5,4.5,Steve Erceg,1.222,1.222
UFC,,Bernardo Sopai,2.14,2.14,Vinicius Oliveira,1.746,1.746
UFC,,Eryk Anders,1.182,1.182,Jamie Pickett,5.1,5.1
UFC,,Aiemann Zahabi,6.7,6.7,Javid Basharat,1.122,1.122
UFC,,Christian Leroy Duncan,1.278,1.278,Claudio Ribeiro,3.9,3.9
UFC,,Aj Cunningham,8.5,8.5,Ludovit Klein,1.083,1.083
UFC,,Abdul-Kareem Al-Selwady,1.676,1.676,Loik Radzhabov,2.26,2.26
UFC,,Jack Hermansson,3.0,3.0,Joe Pyfer,1.408,1.408
UFC,,Andre Fili,2.54,2.54,Dan Ige,1.543,1.543
UFC,,Ihor Potieria,2.66,2.66,Robert Bryczek,1.505,1.505
UFC,,Brad Tavares,3.0,3.0,Gregory Rodrigues,1.408,1.408
UFC,,Darrius Flowers,2.3,2.3,Michael Johnson,1.649,1.649
UFC,,Armen Petrosyan,1.862,1.862,Rodolfo Vieira,1.98,1.98
UFC,,Carlos Prates,1.408,1.408,Trevin Giles,3.0,3.0
UFC,,Andre Lima,1.61,1.61,Igor da Silva,2.38,2.38
UFC,,Andre Lima,,,Igor Severino,,
UFC,,Mick Parkin,1.746,1.746,Mohammed Usman,2.14,2.14
UFC,,Marcin Tybura,1.98,1.98,Tai Tuivasa,1.862,1.862
UFC,,Ange Loosa,2.72,2.72,Bryan Battle,1.488,1.488
UFC,,Kennedy Nzechukwu,1.139,1.139,Ovince St. Preux,6.2,6.2
UFC,,Christian Rodriguez,2.8,2.8,Isaac Dulgarian,1.465,1.465
UFC,,Andre Petroski,3.0,3.0,Jacob Malkoun,1.408,1.408
UFC,,Angel Pacheco,4.7,4.7,Caolan Loughran,1.208,1.208
UFC,,Brendan Allen,1.465,1.465,Chris Curtis,2.8,2.8
UFC,,Alexander Hernandez,1.51,1.51,Damon Jackson,2.64,2.64
UFC,,Chepe Mariscal,2.26,2.26,Morgan Charriere,1.676,1.676
UFC,,Christos Giagos,3.7,3.7,Ignacio Bahamondes,1.299,1.299
UFC,,Charlie Campbell,1.581,1.581,Trevor Peek,2.44,2.44
UFC,,Alex Morono,1.286,1.286,Court McGee,3.8,3.8
UFC,,Lukasz Brzeski,2.88,2.88,Valter Walker,1.444,1.444
UFC,,Germaine de Randamie,2.02,2.02,Norma Dumont,1.833,1.833
UFC,,Pedro Falcao,2.2,2.2,Victor Hugo,1.704,1.704
UFC,,Dan Argueta,2.42,2.42,Jean Matsumoto,1.595,1.595
UFC,,Cesar Almeida,2.24,2.24,Dylan Budka,1.685,1.685
UFC,,Melissa Dixon,,,Nora Cornolle,,
UFC,,Melissa Mullins,1.256,1.256,Nora Cornolle,4.1,4.1
UFC,,Jamie Mullarkey,3.05,3.05,Mauricio Ruffy,1.4,1.4
UFC,,Dione Barbosa,1.426,1.426,Ernesta Kareckaite,2.94,2.94
UFC,,Ismael Bonfim,1.179,1.179,Vinc Pichel,5.2,5.2
UFC,,Alessandro Costa,1.769,1.769,Kevin Borjas,2.08,2.08
UFC,,Alex Caceres,3.05,3.05,Sean Woodson,1.4,1.4
UFC,,Robelis Despaigne,1.417,1.417,Waldo Cortes-Acosta,2.98,2.98
UFC,,Chase Hooper,2.0,2.0,Viacheslav Borshchev,1.781,1.781
UFC,,Esteban Ribovics,1.649,1.649,Terrance McKinney,2.3,2.3
UFC,,Jared Gooden,,,Kevin Jousset,,
UFC,,Tabatha Ricci,1.658,1.658,Tecia Pennington,2.28,2.28
UFC,,Tabatha Ricci,,,Tecia Torres,,
UFC,,Billy Goff,2.36,2.36,Trey Waters,1.617,1.617
UFC,,Charles Johnson,1.82,1.82,Jake Hadley,1.962,1.962
UFC,,Jj Aldrich,2.0,2.0,Veronica Hardy,1.847,1.847
UFC,,David Onama,2.34,2.34,Jonathan Pearce,1.633,1.633
UFC,,Tim Means,3.2,3.2,Uros Medic,1.37,1.37
UFC,,Rani Yahya,4.2,4.2,Victor Henry,1.247,1.247
UFC,,Austin Hubbard,2.6,2.6,Michal Figlak,1.526,1.526
UFC,,Caio Machado,1.746,1.746,Don'tale Mayes,2.14,2.14
UFC,,Ketlen Souza,1.278,1.278,Marnic Mann,3.9,3.9
UFC,,Chris Padilla,4.3,4.3,James Llontop,1.238,1.238
UFC,,Ivana Petrovic,1.217,1.217,Na Liang,4.6,4.6
UFC,,Gabriel Benitez,3.0,3.0,Maheshate,1.408,1.408
UFC,,Alex Perez,2.46,2.46,Matheus Nicolau,1.532,1.532
UFC,,Bogdan Guskov,2.5,2.5,Ryan Spann,1.562,1.562
UFC,,Ariane Lipski,2.5,2.5,Karine Silva,1.562,1.562
UFC,,Austen Lane,3.65,3.65,Jhonata Diniz,1.303,1.303
UFC,,Dustin Poirier,4.5,4.5,Islam Makhachev,1.222,1.222
UFC,,Paulo Costa,3.0,3.0,Sean Strickland,1.408,1.408
UFC,,Kevin Holland,1.323,1.323,Michal Oleksiejczuk,3.5,3.5
UFC,,Alex Morono,1.364,1.364,Niko Price,3.25,3.25
UFC,,Elizeu Zaleski Dos Santos,2.48,2.48,Randy Brown,1.568,1.568
UFC,,Cesar Almeida,1.926,1.926,Roman Kopylov,1.926,1.926
UFC,,Alexandr Romanov,4.1,4.1,Jailton Almeida,1.256,1.256
UFC,,Grant Dawson,1.196,1.196,Joe Solecki,4.9,4.9
UFC,,Jake Matthews,1.575,1.575,Phil Rowe,2.46,2.46
UFC,,Bassil Hafez,1.222,1.222,Mickey Gall,4.5,4.5
UFC,,Ailin Perez,1.465,1.465,Joselyne Edwards,2.8,2.8
UFC,,Andre Lima,1.303,1.303,Mitch Raposo,3.65,3.65
UFC,,Alexandre Pantoja,1.543,1.543,Steve Erceg,2.54,2.54
UFC,,Jonathan Martinez,1.602,1.602,Jose Aldo,2.4,2.4
UFC,,Anthony Smith,4.1,4.1,Vitor Petrino,1.256,1.256
UFC,,Ihor Potieria,4.5,4.5,Michel Pereira,1.192,1.192
UFC,,Caio Borralho,1.196,1.196,Paul Craig,4.9,4.9
UFC,,Jack Shore,2.76,2.76,Joanderson Brito,1.476,1.476
UFC,,Iasmin Lucindo,1.278,1.278,Karolina Kowalkiewicz,3.9,3.9
UFC,,Elves Brener,3.05,3.05,Myktybek Orolbai,1.408,1.408
UFC,,Drakkar Klose,1.488,1.488,Joaquim Silva,2.72,2.72
UFC,,Ikram Aliskerov,2.0,2.0,Robert Whittaker,1.847,1.847
UFC,,Alexander Volkov,2.9,2.9,Sergei Pavlovich,1.435,1.435
UFC,,Daniel Rodriguez,2.64,2.64,Kelvin Gastelum,1.51,1.51
UFC,,Antonio Trocoli,5.6,5.6,Shara Magomedov,1.161,1.161
UFC,,Johnny Walker,1.704,1.704,Volkan Oezdemir,2.2,2.2
UFC,,Jared Gordon,3.05,3.05,Nasrat Haqparast,1.4,1.4
UFC,,Felipe Lima,2.2,2.2,Muhammadjon Naimov,1.704,1.704
UFC,,Nicolas Dalby,4.0,4.0,Rinat Fakhretdinov,1.267,1.267
UFC,,Kyung Ho Kang,2.4,2.4,Muin Gafurov,1.602,1.602
UFC,,Brendson Ribeiro,4.1,4.1,Magomed Gadzhiyasulov,1.256,1.256
UFC,,Chang Ho Lee,2.08,2.08,Long Xiao,1.769,1.769
UFC,,Melsik Baghdasaryan,,,Muhammad Naimov,,
UFC,,Abu Azaitar,,,Denis Tiuliulin,,
UFC,,Farid Basharat,,,Montel Jackson,,
UFC,,Khamzat Chimaev,1.385,1.385,Robert Whittaker,2.96,2.96
UFC,,Derrick Lewis,1.617,1.617,Rodrigo Nascimento,2.36,2.36
UFC,,Joaquin Buckley,1.704,1.704,Nursulton Ruziboev,2.2,2.2
UFC,,Alonzo Menifield,3.25,3.25,Carlos Ulberg,1.364,1.364
UFC,,Diego Ferreira,4.2,4.2,Mateusz Rebecki,1.247,1.247
UFC,,Adrian Yanez,1.217,1.217,Vinicius Salvador,4.6,4.6
UFC,,Angela Hill,1.704,1.704,Luana Pinheiro,2.2,2.2
UFC,,Tom Nolan,1.204,1.204,Victor Martinez,4.8,4.8
UFC,,Oumar Sy,1.179,1.179,Tuco Tokkos,5.2,5.2
UFC,,Melissa Gatto,1.286,1.286,Tamires Vidal,3.8,3.8
UFC,,Antonio Trocoli,,,Oumar Sy,,
UFC,,Abus Magomedov,1.345,1.345,Warlley Alves,3.35,3.35
UFC,,Ariane Carnelossi,2.84,2.84,Piera Rodriguez,1.455,1.455
UFC,,Heili Alateng,2.3,2.3,Kleydson Rodrigues,1.649,1.649
UFC,,Emily Ducote,1.256,1.256,Vanessa Demopoulos,4.1,4.1
UFC,,Belal Muhammad,2.98,2.98,Leon Edwards,1.385,1.385
UFC,,Curtis Blaydes,4.0,4.0,Tom Aspinall,1.233,1.233
UFC,,Bobby Green,2.1,2.1,Paddy Pimblett,1.769,1.769
UFC,,Christian Leroy Duncan,1.82,1.82,Gregory Rodrigues,2.04,2.04
UFC,,Arnold Allen,1.345,1.345,Giga Chikadze,3.35,3.35
UFC,,Daniel Pineda,4.15,4.15,Nathaniel Wood,1.25,1.25
UFC,,Bruna Brasil,3.7,3.7,Molly McCann,1.299,1.299
UFC,,Caolan Loughran,1.408,1.408,Jake Hadley,2.86,2.86
UFC,,Manel Kape,2.72,2.72,Muhammad Mokaev,1.488,1.488
UFC,,Alex Perez,2.9,2.9,Tatsuro Taira,1.435,1.435
UFC,,Douglas Silva de Andrade,2.46,2.46,Miles Johns,1.575,1.575
UFC,,Lucas Almeida,2.64,2.64,Timothy Cuamba,1.51,1.51
UFC,,Brady Hiestand,3.15,3.15,Garrett Armfield,1.385,1.385
UFC,,Asu Almabaev,1.222,1.222,Jose Johnson,4.5,4.5
UFC,,Adam Fugitt,2.22,2.22,Josh Quinlan,1.694,1.694
UFC,,Jimmy Flick,5.9,5.9,Nate Maness,1.149,1.149
UFC,,Carli Judice,2.4,2.4,Gabriella Fernandes,1.602,1.602
UFC,,Jeka Saragih,1.286,1.286,Westin Wilson,3.8,3.8
UFC,,Melquizael Costa,1.465,1.465,Shayilan Nuerdanbieke,2.8,2.8
UFC,,Josefine Knutsson,1.444,1.444,Julia Polastri,2.88,2.88
UFC,,Cory Sandhagen,3.75,3.75,Umar Nurmagomedov,1.294,1.294
UFC,,Michal Oleksiejczuk,3.2,3.2,Sharabutdin Magomedov,1.37,1.37
UFC,,Deiveson Figueiredo,1.735,1.735,Marlon Vera,2.16,2.16
UFC,,Michael Chiesa,1.192,1.192,Tony Ferguson,5.0,5.0
UFC,,Loopy Godinez,2.2,2.2,Mackenzie Dern,1.704,1.704
UFC,,Elves Brener,2.32,2.32,Joel Alvarez,1.641,1.641
UFC,,Alonzo Menifield,2.98,2.98,Azamat Murzakanov,1.417,1.417
UFC,,Kaue Fernandes,1.27,1.27,Mohammad Yahya,3.95,3.95
UFC,,Don'tale Mayes,3.4,3.4,Shamil Gaziev,1.339,1.339
UFC,,Guram Kutateladze,1.435,1.435,Jordan Vucenic,2.9,2.9
UFC,,Sam Hughes,2.48,2.48,Victoria Dudakova,1.568,1.568
UFC,,Jai Herbert,1.847,1.847,Rolando Bedoya,2.0,2.0
UFC,,Denis Tiuliulin,2.94,2.94,Sedriques Dumas,1.426,1.426
UFC,,Abdul-Kareem Al-Selwady,,,Guram Kutateladze,,
UFC,,Andre Petroski,1.847,1.847,Josh Fremd,2.0,2.0
UFC,,Darrius Flowers,5.6,5.6,Evan Elder,1.161,1.161
UFC,,Jasmine Jasudavicius,,,Viviane Araujo,,
UFC,,Dricus Du Plessis,1.833,1.833,Israel Adesanya,2.02,2.02
UFC,,Kai Kara-France,3.35,3.35,Steve Erceg,1.345,1.345
UFC,,Dan Hooker,4.1,4.1,Mateusz Gamrot,1.256,1.256
UFC,,Jairzinho Rozenstruik,1.426,1.426,Tai Tuivasa,2.94,2.94
UFC,,Carlos Prates,1.256,1.256,Li Jingliang,4.1,4.1
UFC,,Junior Tafa,1.909,1.909,Valter Walker,1.943,1.943
UFC,,Josh Culibao,1.833,1.833,Ricardo Ramos,2.02,2.02
UFC,,Casey O'Neill,2.16,2.16,Luana Santos,1.735,1.735
UFC,,Herbert Burns,5.8,5.8,Jack Jenkins,1.154,1.154
UFC,,Gilbert Burns,2.6,2.6,Sean Brady,1.526,1.526
UFC,,Jessica Andrade,3.4,3.4,Natalia Silva,1.339,1.339
UFC,,Kyle Nelson,2.88,2.88,Steve Garcia,1.444,1.444
UFC,,Merab Dvalishvili,1.962,1.962,Sean O'Malley,1.893,1.893
UFC,,Alexa Grasso,1.794,1.794,Valentina Shevchenko,2.08,2.08
UFC,,Brian Ortega,2.8,2.8,Diego Lopes,1.465,1.465
UFC,,Daniel Zellhuber,1.526,1.526,Esteban Ribovics,2.6,2.6
UFC,,Ode Osbourne,2.9,2.9,Ronaldo Rodriguez,1.435,1.435
UFC,,Irene Aldana,2.1,2.1,Norma Dumont,1.769,1.769
UFC,,Ignacio Bahamondes,2.16,2.16,Manuel Torres,1.735,1.735
UFC,,Ketlen Souza,5.0,5.0,Yazmin Jauregui,1.192,1.192
UFC,,Edgar Chairez,3.35,3.35,Joshua van,1.345,1.345
UFC,,Oban Elliott,2.44,2.44,Preston Parsons,1.538,1.538
UFC,,Marcin Prachnio,2.32,2.32,Modestas Bukauskas,1.641,1.641
UFC,,Kiefer Crosbie,4.85,4.85,Sam Patterson,1.2,1.2
UFC,,Lukasz Brzeski,4.6,4.6,Mick Parkin,1.217,1.217
UFC,,Alice Ardelean,2.64,2.64,Shauna Bannon,1.51,1.51
UFC,,Caolan Loughran,,,Ramon Taveras,,
UFC,,Chelsea Chandler,2.32,2.32,Yana Santos,1.641,1.641
UFC,,Charalampos Grigoriou,1.408,1.408,Toshiomi Kazama,3.0,3.0
UFC,,Karol Rosa,1.37,1.37,Pannie Kianzad,3.2,3.2
UFC,,Jhonata Diniz,2.52,2.52,Karl Williams,1.556,1.556
UFC,,Allan Nascimento,,,Jafel Filho,,
UFC,,Jonny Parsons,,,Yusaku Kinoshita,,
UFC,,Jarno Errens,5.3,5.3,Youssef Zalal,1.169,1.169
UFC,,Stephanie Luciano,1.602,1.602,Talita Alencar,2.4,2.4
UFC,,Chris Gutierrez,,,Javid Basharat,,
UFC,,Marcin Tybura,2.24,2.24,Sergey Spivak,1.685,1.685
UFC,,Chepe Mariscal,1.556,1.556,Damon Jackson,2.52,2.52
UFC,,Damon Jackson,,,Jose Mariscal,,
UFC,,Danny Barlow,1.247,1.247,Nikolay Veretennikov,4.2,4.2
UFC,,Chris Gutierrez,1.167,1.167,Quang Le,5.5,5.5
UFC,,Alex Reyes,9.1,9.1,Tom Nolan,1.074,1.074
UFC,,Kenan Song,1.377,1.377,Ricky Glenn,3.0,3.0
UFC,,Jesus Aguilar,2.66,2.66,Stewart Nicoll,1.505,1.505
UFC,,Ilia Topuria,1.345,1.345,Max Holloway,3.35,3.35
UFC,,Khamzat Chimaev,1.444,1.444,Robert Whittaker,2.88,2.88
UFC,,Aleksandar Rakir,3.8,3.8,Magomed Ankalaev,1.286,1.286
UFC,,Dan Ige,3.6,3.6,Lerone Murphy,1.312,1.312
UFC,,Armen Petrosyan,2.52,2.52,Shara Magomedov,1.556,1.556
UFC,,Ibo Aslan,2.0,2.0,Raffael Cerqueira,1.847,1.847
UFC,,Geoff Neal,1.385,1.385,Rafael Dos Anjos,3.15,3.15
UFC,,Mateusz Rebecki,3.15,3.15,Myktybek Orolbai,1.385,1.385
UFC,,Abus Magomedov,1.649,1.649,Brunno Ferreira,2.3,2.3
UFC,,Chris Barnett,6.3,6.3,Kennedy Nzechukwu,1.133,1.133
UFC,,Farid Basharat,1.139,1.139,Victor Hugo,6.3,6.3
UFC,,Bruno Silva,2.42,2.42,Ismail Naurdiev,1.595,1.595
UFC,,Carlos Leal Miranda,2.8,2.8,Rinat Fakhretdinov,1.465,1.465
UFC,,Junior Tafa,,,Kennedy Nzechukwu,,
UFC,,Daniel Santos,,,Said Nurmagomedov,,
UFC,,Nathan Fletcher,1.704,1.704,Zygimantas Ramaska,2.2,2.2
UFC,,Cong Wang,,,Victoria Leonardo,,
UFC,,Victoria Leonardo,7.6,7.6,Wang Cong,1.1,1.1
UFC,,Danny Silva,,,Dennis Buzukja,,
UFC,,Cody Durden,1.357,1.357,Matt Schnell,3.25,3.25
UFC,,Trevor Peek,1.909,1.909,Yanal Ashmouz,1.943,1.943
UFC,,Chris Padilla,3.0,3.0,Rong Zhu,1.408,1.408
UFC,,Brendon Marotte,14.0,14.0,Isaac Dulgarian,1.033,1.033
UFC,,Ovince St. Preux,,,Ryan Spann,,
UFC,,Andre Lima,1.61,1.61,Felipe Dos Santos,2.38,2.38
UFC,,Gabriel Santos,1.345,1.345,Yizha,3.35,3.35
UFC,,Gabriel Santos,,,Zha Yi,,
UFC,,Jaqueline Amorim,1.333,1.333,Vanessa Demopoulos,3.45,3.45
UFC,,Andre Petroski,1.333,1.333,Dylan Budka,3.45,3.45
UFC,,Nathan Fletcher,1.758,1.758,Zygimantas Ramaska,2.12,2.12
UFC,,Benoit Saint-Denis,1.37,1.37,Renato Moicano,3.2,3.2
UFC,,Brendan Allen,2.68,2.68,Nassourdine Imavov,1.5,1.5
UFC,,Joanderson Brito,1.333,1.333,William Gomis,3.45,3.45
UFC,,Bryan Battle,1.595,1.595,Kevin Jousset,2.42,2.42
UFC,,Gabriel Miranda,5.6,5.6,Morgan Charriere,1.161,1.161
UFC,,Fares Ziam,1.806,1.806,Matt Frevola,2.06,2.06
UFC,,Ion Cutelaba,1.98,1.98,Ivan Erslan,1.862,1.862
UFC,,Da Un Jung,,,Oumar Sy,,
UFC,,Da Woon Jung,5.4,5.4,Oumar Sy,1.169,1.169
UFC,,Ludovit Klein,1.1,1.1,Roosevelt Roberts,7.6,7.6
UFC,,Taylor Lapilus,1.299,1.299,Vince Morales,3.7,3.7
UFC,,Ailin Perez,1.465,1.465,Darya Zheleznyakova,2.8,2.8
UFC,,Daniel Barez,2.06,2.06,Victor Altamirano,1.806,1.806
UFC,,Jacqueline Cavalcanti,1.476,1.476,Nora Cornolle,2.76,2.76
UFC,,Bolaji Oki,1.595,1.595,Chris Duncan,2.42,2.42
UFC,,Alex Pereira,1.217,1.217,Khalil Rountree Jr.,4.6,4.6
UFC,,Julianna Pena,2.26,2.26,Raquel Pennington,1.676,1.676
UFC,,Jose Aldo,2.1,2.1,Mario Bautista,1.769,1.769
UFC,,Kevin Holland,1.676,1.676,Roman Dolidze,2.26,2.26
UFC,,Kayla Harrison,1.091,1.091,Ketlen Vieira,8.0,8.0
UFC,,Joaquin Buckley,1.444,1.444,Stephen Thompson,2.88,2.88
UFC,,Iasmin Lucindo,1.556,1.556,Marina Rodriguez,2.52,2.52
UFC,,Alexander Hernandez,1.926,1.926,Austin Hubbard,1.926,1.926
UFC,,Cesar Almeida,1.222,1.222,Ihor Potieria,4.5,4.5
UFC,,Caio Borralho,1.37,1.37,Jared Cannonier,3.2,3.2
UFC,,Angela Hill,2.5,2.5,Tabatha Ricci,1.562,1.562
UFC,,Robert Valentin,1.694,1.694,Ryan Loder,2.24,2.24
UFC,,Kaan Ofli,2.76,2.76,Mairon Santos,1.476,1.476
UFC,,Michael Morales,1.118,1.118,Neil Magny,6.9,6.9
UFC,,Edmen Shahbazyan,1.294,1.294,Gerald Meerschaert,3.75,3.75
UFC,,Dennis Buzukja,2.5,2.5,Francis Marshall,1.562,1.562
UFC,,Jose Medina,5.8,5.8,Zach Reese,1.154,1.154
UFC,,James Llontop,2.88,2.88,Viacheslav Borshchev,1.444,1.444
UFC,,Jacqueline Cavalcanti,1.37,1.37,Josiane Nunes,3.2,3.2
UFC,,Jon Jones,1.179,1.179,Stipe Miocic,5.2,5.2
UFC,,Charles Oliveira,1.4,1.4,Michael Chandler,3.05,3.05
UFC,,Bo Nickal,1.091,1.091,Paul Craig,8.0,8.0
UFC,,Karine Silva,1.339,1.339,Viviane Araujo,3.4,3.4
UFC,,James Llontop,7.4,7.4,Mauricio Ruffy,1.105,1.105
UFC,,Jonathan Martinez,2.02,2.02,Marcus McGhee,1.847,1.847
UFC,,Chris Weidman,1.943,1.943,Eryk Anders,1.909,1.909
UFC,,Damon Jackson,1.465,1.465,Jim Miller,2.8,2.8
UFC,,David Onama,1.074,1.074,Roberto Romero,9.1,9.1
UFC,,Jhonata Diniz,1.893,1.893,Marcin Tybura,1.962,1.962
UFC,,Mickey Gall,1.575,1.575,Ramiz Brahimaj,2.46,2.46
UFC,,Bassil Hafez,3.4,3.4,Oban Elliott,1.339,1.339
UFC,,Grant Dawson,1.299,1.299,Rafa Garcia,3.7,3.7
UFC,,Alex Morono,3.0,3.0,Daniel Rodriguez,1.408,1.408
UFC,,Cj Vergara,3.5,3.5,Ramazan Temirov,1.323,1.323
UFC,,Jonathan Pearce,1.568,1.568,Pat Sabatini,2.48,2.48
UFC,,Abdul Razak Alhassan,,,Josh Fremd,,
UFC,,Niko Price,3.65,3.65,Themba Gorimbo,1.312,1.312
UFC,,Junior Tafa,1.417,1.417,Sean Sharaf,2.98,2.98
UFC,,Chris Barnett,,,Junior Tafa,,
UFC,,Cory McKenna,1.943,1.943,Julia Polastri,1.909,1.909
UFC,,Cody Haddon,1.602,1.602,Daniel Argueta,2.4,2.4
UFC,,Clayton Carpenter,1.455,1.455,Lucas Rocha,2.84,2.84
UFC,,Anthony Hernandez,1.676,1.676,Michel Pereira,2.26,2.26
UFC,,Kyler Phillips,1.169,1.169,Rob Font,5.4,5.4
UFC,,Charles Johnson,1.345,1.345,Sumudaerji Sumudaerji,3.35,3.35
UFC,,Cameron Smotherman,5.4,5.4,Jake Hadley,1.169,1.169
UFC,,Daniel Pineda,2.26,2.26,Darren Elkins,1.676,1.676
UFC,,Asu Almabayev,1.465,1.465,Matheus Nicolau,2.8,2.8
UFC,,Brad Katona,2.84,2.84,Jean Matsumoto,1.455,1.455
UFC,,Brady Hiestand,,,Jake Hadley,,
UFC,,Joselyne Edwards,1.4,1.4,Tamires Vidal,3.05,3.05
UFC,,Elise Reed,1.5,1.5,Jessica Penne,2.72,2.72
UFC,,Alice Ardelean,2.2,2.2,Melissa Martinez,1.704,1.704
UFC,,Austen Lane,4.15,4.15,Robelis Despaigne,1.25,1.25
UFC,,Belal Muhammad,,,Shavkat Rakhmonov,,
UFC,,Nick Diaz,,,Vicente Luque,,
UFC,,Alexandre Pantoja,1.488,1.488,Kai Asakura,2.72,2.72
UFC,,Ian Machado Garry,4.2,4.2,Shavkat Rakhmonov,1.217,1.217
UFC,,Alexander Volkov,3.9,3.9,Ciryl Gane,1.278,1.278
UFC,,Bryce Mitchell,1.118,1.118,Kron Gracie,6.9,6.9
UFC,,Dooho Choi,2.14,2.14,Nate Landwehr,1.746,1.746
UFC,,Anthony Smith,4.1,4.1,Dominick Reyes,1.222,1.222
UFC,,Themba Gorimbo,1.61,1.61,Vicente Luque,2.38,2.38
UFC,,Aljamain Sterling,2.94,2.94,Movsar Evloev,1.426,1.426
UFC,,Bryan Battle,1.526,1.526,Randy Brown,2.6,2.6
UFC,,Chris Weidman,1.893,1.893,Eryk Anders,1.962,1.962
UFC,,Cody Durden,2.48,2.48,Joshua van,1.568,1.568
UFC,,Max Griffin,2.22,2.22,Michael Chiesa,1.694,1.694
UFC,,Chase Hooper,1.083,1.083,Clay Guida,8.5,8.5
UFC,,Kennedy Nzechukwu,1.161,1.161,Lukasz Brzeski,5.6,5.6
UFC,,Jon Jones,,,Tom Aspinall,,
UFC,,Carlos Prates,1.122,1.122,Neil Magny,6.7,6.7
UFC,,Gerald Meerschaert,3.5,3.5,Reinier de Ridder,1.323,1.323
UFC,,Cortavious Romious,1.417,1.417,Gaston Bolanos,2.98,2.98
UFC,,Gillian Robertson,1.222,1.222,Luana Pinheiro,4.5,4.5
UFC,,Dusko Todorovic,4.7,4.7,Mansur Abdul-Malik,1.208,1.208
UFC,,Benardo Sopaj,,,Ricky Turcios,,
UFC,,Eduarda Moura,1.769,1.769,Veronica Hardy,2.1,2.1
UFC,,Deiveson Figueiredo,3.45,3.45,Petr Yan,1.333,1.333
UFC,,Tabatha Ricci,2.6,2.6,Xiaonan Yan,1.526,1.526
UFC,,Kenan Song,2.8,2.8,Muslim Salikhov,1.465,1.465
UFC,,Cong Wang,,,Gabriella Fernandes,,
UFC,,Gabriella Fernandes,7.4,7.4,Wang Cong,1.105,1.105
UFC,,Carlos Ulberg,1.364,1.364,Volkan Oezdemir,3.25,3.25
UFC,,Mingyang Zhang,,,Ozzy Diaz,,
UFC,,Ozzy Diaz,3.15,3.15,Zhang Mingyang,1.385,1.385
UFC,,Balgyn Jenisuly,,,Su Young You,,
UFC,,Baergeng Jieleyisi,2.84,2.84,Suyoung Yu,1.455,1.455
UFC,,Dong Hoon Choi,1.806,1.806,Kiru Sahota,2.06,2.06
UFC,,Feng Xiaocan,1.204,1.204,Shi Ming,4.8,4.8
UFC,,Ming Shi,,,Xiaocan Feng,,
UFC,,Carlos Hernandez,1.735,1.735,Nyamjargal Tumendemberel,2.16,2.16
UFC,,Jose Ochoa,3.6,3.6,Lone'er Kavanagh,1.312,1.312
UFC,,Long Xiao,,,Quang Le,,
UFC,,Quang Le,2.22,2.22,Xiao Long,1.694,1.694
UFC,,Maheshate Hayisaer,1.465,1.465,Nikolas Motta,2.8,2.8
UFC,,Bin Xie,,,Kangjie Zhu,,
UFC,,Islam Makhachev,1.083,1.083,Renato Moicano,8.5,8.5
UFC,,Arman Tsarukyan,,,Islam Makhachev,,
UFC,,Merab Dvalishvili,3.2,3.2,Umar Nurmagomedov,1.37,1.37
UFC,,Jailton Almeida,1.222,1.222,Serghei Spivac,4.5,4.5
UFC,,Beneil Dariush,,,Renato Moicano,,
UFC,,Kevin Holland,2.16,2.16,Reinier de Ridder,1.735,1.735
UFC,,Payton Talbott,1.083,1.083,Raoni Barcelos,8.5,8.5
UFC,,Azamat Bekoev,1.543,1.543,Zachary Reese,2.54,2.54
UFC,,Billy Elekana,4.3,4.3,Bogdan Guskov,1.238,1.238
UFC,,Sedriques Dumas,,,Zachary Reese,,
UFC,,Diego Ferreira,3.0,3.0,Grant Dawson,1.408,1.408
UFC,,Ailin Perez,3.05,3.05,Karol Rosa,1.408,1.408
UFC,,Muin Gafurov,6.3,6.3,Rinya Nakamura,1.133,1.133
UFC,,Jamahal Hill,1.833,1.833,Jiri Prochazka,2.02,2.02
UFC,,Leon Edwards,2.12,2.12,Sean Brady,1.758,1.758
UFC,,Carlos Ulberg,1.303,1.303,Jan Blachowicz,3.65,3.65
UFC,,Gunnar Nelson,1.794,1.794,Kevin Holland,2.08,2.08
UFC,,Alexia Thainara,1.444,1.444,Molly McCann,2.88,2.88
UFC,,Chris Duncan,3.65,3.65,Jordan Vucenic,1.303,1.303
UFC,,Morgan Charriere,1.862,1.862,Nathaniel Wood,1.98,1.98
UFC,,Chris Padilla,2.1,2.1,Jai Herbert,1.769,1.769
UFC,,Felipe Dos Santos,3.1,3.1,Lone'er Kavanagh,1.392,1.392
UFC,,Marcin Tybura,2.42,2.42,Mick Parkin,1.595,1.595
UFC,,Jack Della Maddalena,,,Leon Edwards,,
UFC,,Andrey Pulyaev,4.2,4.2,Christian Leroy Duncan,1.247,1.247
UFC,,Puja Tomar,2.76,2.76,Shauna Bannon,1.476,1.476
UFC,,Caolan Loughran,2.32,2.32,Nathan Fletcher,1.641,1.641
UFC,,Guram Kutateladze,1.286,1.286,Kaua Fernandes,3.8,3.8
UFC,,Israel Adesanya,1.633,1.633,Nassourdine Imavov,2.34,2.34
UFC,,Michael Page,2.64,2.64,Shara Magomedov,1.51,1.51
UFC,,Jairzinho Rozenstruik,3.6,3.6,Sergei Pavlovich,1.312,1.312
UFC,,Said Nurmagomedov,1.444,1.444,Vinicius Oliveira,2.88,2.88
UFC,,Fares Ziam,2.22,2.22,Mike Davis,1.694,1.694
UFC,,Andre Muniz,,,Ikram Aliskerov,,
UFC,,Abdul-Kareem Al-Selwady,,,Jordan Leavitt,,
UFC,,Kaan Ofli,4.1,4.1,Muhammad Naimov,1.256,1.256
UFC,,Shamil Gaziev,1.294,1.294,Thomas Petersen,3.75,3.75
UFC,,Damir Hadzovic,5.3,5.3,Terrance McKinney,1.169,1.169
UFC,,Jasmine Jasudavicius,1.4,1.4,Mayra Bueno Silva,3.05,3.05
UFC,,Bogdan Grad,2.08,2.08,Lucas Alexander,1.794,1.794
UFC,,Hamdy Abdelwahab,1.676,1.676,Jamal Pogues,2.26,2.26
UFC,,Abdul-Kareem Al-Selwady,,,Bolaji Oki,,
UFC,,Asu Almabaev,2.84,2.84,Manel Kape,1.455,1.455
UFC,,Cody Brundage,1.862,1.862,Julian Marquez,1.98,1.98
UFC,,Esteban Ribovics,1.385,1.385,Nasrat Haqparast,3.15,3.15
UFC,,Hyder Amil,2.76,2.76,William Gomis,1.476,1.476
UFC,,Danny Barlow,1.408,1.408,Sam Patterson,3.0,3.0
UFC,,Henry Cejudo,3.1,3.1,Song Yadong,1.392,1.392
UFC,,Anthony Hernandez,1.299,1.299,Brendan Allen,3.7,3.7
UFC,,Jean Matsumoto,1.5,1.5,Rob Font,2.68,2.68
UFC,,Jean Silva,1.204,1.204,Melsik Baghdasaryan,4.8,4.8
UFC,,Alonzo Menifield,1.426,1.426,Julius Walker,2.94,2.94
UFC,,Ibo Aslan,1.465,1.465,Ion Cutelaba,2.8,2.8
UFC,,Andre Fili,2.2,2.2,Melquizael Costa,1.704,1.704
UFC,,Mansur Abdul-Malik,1.074,1.074,Nick Klein,9.1,9.1
UFC,,Javid Basharat,1.385,1.385,Ricky Simon,3.15,3.15
UFC,,Austin Vanderford,2.02,2.02,Nikolay Veretennikov,1.833,1.833
UFC,,Eric McConico,3.6,3.6,Nursulton Ruziboev,1.312,1.312
UFC,,Modestas Bukauskas,1.364,1.364,Raffael Cerqueira,3.25,3.25
UFC,,Dominick Cruz,,,Rob Font,,
UFC,,Alexander Volkanovski,1.641,1.641,Diego Lopes,2.32,2.32
UFC,,Michael Chandler,2.42,2.42,Paddy Pimblett,1.595,1.595
UFC,,Patricio Freire,2.38,2.38,Yair Rodriguez,1.61,1.61
UFC,,Bryce Mitchell,2.72,2.72,Jean Silva,1.488,1.488
UFC,,Dominick Reyes,2.28,2.28,Nikita Krylov,1.658,1.658
UFC,,Dan Ige,2.62,2.62,Sean Woodson,1.515,1.515
UFC,,Virna Jandiroba,1.746,1.746,Yan Xiaonan,2.14,2.14
UFC,,Chase Hooper,1.125,1.125,Jim Miller,6.6,6.6
UFC,,Darren Elkins,3.3,3.3,Julian Erosa,1.357,1.357
UFC,,Justin Gaethje,2.3,2.3,Rafael Fiziev,1.649,1.649
UFC,,Alex Pereira,1.82,1.82,Magomed Ankalaev,2.04,2.04
UFC,,Ignacio Bahamondes,1.704,1.704,Jalin Turner,2.2,2.2
UFC,,Amanda Lemos,2.16,2.16,Iasmin Lucindo,1.735,1.735
UFC,,King Green,4.9,4.9,Mauricio Ruffy,1.196,1.196
UFC,,Joshua van,1.641,1.641,Rei Tsuruya,2.32,2.32
UFC,,Curtis Blaydes,1.303,1.303,Rizvan Kuniev,3.65,3.65
UFC,,Armen Petrosyan,1.769,1.769,Brunno Ferreira,2.1,2.1
UFC,,Alex Morono,6.3,6.3,Carlos Leal Miranda,1.133,1.133
UFC,,Francis Marshall,3.05,3.05,Mairon Santos,1.4,1.4
UFC,,Chris Gutierrez,1.909,1.909,John Castaneda,1.943,1.943
UFC,,Anshul Jubli,4.5,4.5,Quillan Salkilld,1.222,1.222
UFC,,Dricus Du Plessis,1.455,1.455,Sean Strickland,2.84,2.84
UFC,,Tatiana Suarez,1.685,1.685,Zhang Weili,2.24,2.24
UFC,,Justin Tafa,2.32,2.32,Tallison Teixeira,1.641,1.641
UFC,,Francisco Prado,3.0,3.0,Jake Matthews,1.408,1.408
UFC,,Jim Crute,2.24,2.24,Rodolfo Bellato,1.685,1.685
UFC,,Gabriel Santos,1.444,1.444,Jack Jenkins,2.88,2.88
UFC,,Tom Nolan,1.98,1.98,Viacheslav Borshchev,1.862,1.862
UFC,,Bruna Brasil,3.75,3.75,Cong Wang,1.286,1.286
UFC,,Aleksandre Topuria,1.303,1.303,Colby Thicknesse,3.65,3.65
UFC,,Kody Steele,1.286,1.286,Rongzhu,3.8,3.8
UFC,,Jonathan Micallef,2.8,2.8,Kevin Jousset,1.465,1.465
UFC,,Connor Matthews,5.6,5.6,Jose Delgado,1.161,1.161
UFC,,Angela Hill,1.893,1.893,Ketlen Souza,1.962,1.962
UFC,,Jesus Aguilar,5.6,5.6,Rafael Estevam,1.161,1.161
UFC,,Gabriel Bonfim,1.4,1.4,Khaos Williams,3.05,3.05
UFC,,Elijah Smith,1.82,1.82,Vince Morales,2.04,2.04
UFC,,Don'tale Mayes,3.65,3.65,Valter Walker,1.303,1.303
UFC,,Jacqueline Cavalcanti,1.139,1.139,Julia Avila,6.2,6.2
UFC,,Gregory Rodrigues,1.417,1.417,Jared Cannonier,2.94,2.94
UFC,,Calvin Kattar,4.5,4.5,Youssef Zalal,1.222,1.222
UFC,,Dylan Budka,6.2,6.2,Edmen Shahbazyan,1.139,1.139
UFC,,Ismael Bonfim,1.408,1.408,Nazim Sadykhov,3.0,3.0
UFC,,Andre Petroski,3.2,3.2,Rodolfo Vieira,1.37,1.37
UFC,,Austen Lane,5.2,5.2,Mario Pinto,1.182,1.182
UFC,,Chepe Mariscal,1.333,1.333,Ricardo Ramos,3.45,3.45
UFC,,Danny Silva,1.392,1.392,Lucas Almeida,3.05,3.05
UFC,,Andrea Lee,2.48,2.48,Jj Aldrich,1.568,1.568
UFC,,Charles Johnson,1.806,1.806,Ramazonbek Temirov,2.06,2.06
UFC,,Belal Muhammad,1.505,1.505,Jack Della Maddalena,2.66,2.66
UFC,,Manon Fiorot,1.746,1.746,Valentina Shevchenko,2.16,2.16
UFC,,Aiemann Zahabi,2.6,2.6,Jose Aldo,1.526,1.526
UFC,,Alexa Grasso,2.94,2.94,Natalia Silva,1.426,1.426
UFC,,Benoit Saint-Denis,1.071,1.071,Kyle Prepolec,9.3,9.3
UFC,,Charles Radtke,2.68,2.68,Mike Malott,1.5,1.5
UFC,,Jasmine Jasudavicius,1.364,1.364,Jessica Andrade,3.25,3.25
UFC,,Ion Cutelaba,1.909,1.909,Modestas Bukauskas,1.943,1.943
UFC,,Ivan Erslan,3.65,3.65,Navajo Stirling,1.303,1.303
UFC,,Michal Oleksiejczuk,1.526,1.526,Sedriques Dumas,2.6,2.6
UFC,,Mitch Raposo,2.22,2.22,Sumudaerji Sumudaerji,1.694,1.694
UFC,,Marco Tulio,1.182,1.182,Tresean Gore,5.1,5.1
UFC,,Hailey Cowan,2.9,2.9,Nora Cornolle,1.435,1.435
UFC,,Kevin Vallejos,1.196,1.196,Seung Woo Choi,4.9,4.9
UFC,,Brendson Ribeiro,4.4,4.4,Diyar Nurgozhay,1.233,1.233
UFC,,Ryan Spann,2.9,2.9,Waldo Cortes-Acosta,1.435,1.435
UFC,,Aj Cunningham,5.1,5.1,Su Young You,1.182,1.182
UFC,,Carlos Vera,6.6,6.6,Josias Musasa,1.13,1.13
UFC,,Sam Hughes,2.42,2.42,Stephanie Luciano,1.595,1.595
UFC,,Andre Lima,1.204,1.204,Daniel Barez,4.8,4.8
UFC,,Josiane Nunes,1.575,1.575,Priscila Cachoeira,2.46,2.46
UFC,,Carli Judice,1.323,1.323,Yuneisy Duben,3.5,3.5
UFC,,Carlos Prates,2.38,2.38,Ian Machado Garry,1.61,1.61
UFC,,Anthony Smith,3.95,3.95,Zhang Mingyang,1.27,1.27
UFC,,David Onama,1.505,1.505,Giga Chikadze,2.66,2.66
UFC,,Abus Magomedov,2.2,2.2,Michel Pereira,1.704,1.704
UFC,,Nicolas Dalby,3.6,3.6,Randy Brown,1.312,1.312
UFC,,Andre Muniz,4.4,4.4,Ikram Aliskerov,1.233,1.233
UFC,,Jimmy Flick,2.38,2.38,Matt Schnell,1.61,1.61
UFC,,Evan Elder,1.465,1.465,Gauge Young,2.8,2.8
UFC,,Chris Gutierrez,1.676,1.676,John Castaneda,2.26,2.26
UFC,,Damon Blackshear,,,Heili Alateng,,
UFC,,Alatengheili Alateng,4.85,4.85,Da'mon Blackshear,1.2,1.2
UFC,,Cory Sandhagen,1.192,1.192,Deiveson Figueiredo,5.0,5.0
UFC,,Bo Nickal,1.27,1.27,Reinier de Ridder,3.95,3.95
UFC,,Daniel Rodriguez,2.18,2.18,Santiago Ponzinibbio,1.725,1.725
UFC,,Daniel Marcos,2.88,2.88,Montel Jackson,1.444,1.444
UFC,,Cameron Smotherman,2.18,2.18,Serhiy Sidey,1.725,1.725
UFC,,Jeremy Stephens,5.6,5.6,Mason Jones,1.161,1.161
UFC,,Miesha Tate,1.658,1.658,Yana Santos,2.28,2.28
UFC,,Azamat Bekoev,1.303,1.303,Ryan Loder,3.65,3.65
UFC,,Gillian Robertson,1.37,1.37,Marina Rodriguez,3.2,3.2
UFC,,Gaston Bolanos,1.794,1.794,Quang Le,2.08,2.08
UFC,,Istela Nunes,7.1,7.1,Loma Lookboonmee,1.111,1.111
UFC,,Pedro Falcao,2.64,2.64,Victor Henry,1.505,1.505
UFC,,Martin Buday,1.595,1.595,Uran Satybaldiev,2.42,2.42
UFC,,Talita Alencar,1.962,1.962,Vanessa Demopoulos,1.893,1.893
UFC,,Merab Dvalishvili,1.4,1.4,Sean O'Malley,3.05,3.05
UFC,,Julianna Pena,6.0,6.0,Kayla Harrison,1.143,1.143
UFC,,Joe Pyfer,1.256,1.256,Kelvin Gastelum,4.1,4.1
UFC,,Mario Bautista,2.46,2.46,Patrick Mix,1.575,1.575
UFC,,Kevin Holland,1.556,1.556,Vicente Luque,2.52,2.52
UFC,,Bruno Silva,6.2,6.2,Joshua van,1.139,1.139
UFC,,Azamat Murzakanov,1.161,1.161,Brendson Ribeiro,5.6,5.6
UFC,,Serghei Spivac,1.595,1.595,Waldo Cortes-Acosta,2.42,2.42
UFC,,Andreas Gustafsson,2.58,2.58,Khaos Williams,1.532,1.532
UFC,,Dustin Poirier,1.962,1.962,Max Holloway,1.82,1.82
UFC,,Adam Fugitt,4.2,4.2,Islam Dulatov,1.217,1.217
UFC,,Brendan Allen,1.377,1.377,Marvin Vettori,3.0,3.0
UFC,,Gunnar Nelson,1.286,1.286,Neil Magny,3.55,3.55
UFC,,Dustin Stoltzfus,2.98,2.98,Nursulton Ruziboev,1.417,1.417
UFC,,Julian Erosa,2.38,2.38,Melquizael Costa,1.61,1.61
UFC,,Gabe Green,2.58,2.58,Matheus Camilo,1.532,1.532
UFC,,Jared Gordon,1.833,1.833,Thiago Moises,2.02,2.02
UFC,,Connor Matthews,5.6,5.6,Yadier Delvalle,1.161,1.161
UFC,,Luana Santos,1.562,1.562,Tainara Lisboa,2.5,2.5
UFC,,Denise Gomes,1.169,1.169,Elise Reed,5.3,5.3
UFC,,Carlos Hernandez,2.62,2.62,Hyun Sung Park,1.515,1.515
UFC,,Luana Pinheiro,3.6,3.6,Tecia Pennington,1.312,1.312
UFC,,Gilbert Burns,4.7,4.7,Michael Morales,1.208,1.208
UFC,,Paul Craig,4.15,4.15,Rodolfo Bellato,1.25,1.25
UFC,,Mairon Santos,1.676,1.676,Sodiq Yusuff,2.26,2.26
UFC,,Reinier de Ridder,2.28,2.28,Robert Whittaker,1.658,1.658
UFC,,Marcus McGhee,3.8,3.8,Petr Yan,1.286,1.286
UFC,,Marc-Andre Barriault,5.8,5.8,Sharabutdin Magomedov,1.154,1.154
UFC,,Asu Almabaev,1.926,1.926,Jose Ochoa,1.926,1.926
UFC,,Bogdan Guskov,2.64,2.64,Nikita Krylov,1.51,1.51
UFC,,Bryce Mitchell,1.694,1.694,Said Nurmagomedov,2.24,2.24
UFC,,Carlos Leal Miranda,1.204,1.204,Muslim Salikhov,4.8,4.8
UFC,,Da'mon Blackshear,1.256,1.256,Davey Grant,4.1,4.1
UFC,,Amanda Ribas,1.562,1.562,Tabatha Ricci,2.5,2.5
UFC,,Billy Elekana,3.35,3.35,Ibo Aslan,1.345,1.345
UFC,,Mohammad Yahya,3.6,3.6,Steven Nguyen,1.312,1.312
UFC,,Marcus Buchecha,1.392,1.392,Martin Buday,3.1,3.1
UFC,,Charles Oliveira,4.2,4.2,Ilia Topuria,1.247,1.247
UFC,,Alexandre Pantoja,1.4,1.4,Kai Kara-France,3.05,3.05
UFC,,Felipe Lima,1.575,1.575,Payton Talbott,2.46,2.46
UFC,,Beneil Dariush,1.893,1.893,Renato Moicano,1.962,1.962
UFC,,Brandon Royval,2.02,2.02,Joshua van,1.833,1.833
UFC,,Hyder Amil,2.16,2.16,Jose Delgado,1.735,1.735
UFC,,Gregory Rodrigues,1.488,1.488,Jack Hermansson,2.72,2.72
UFC,,Terrance McKinney,1.581,1.581,Viacheslav Borshchev,2.44,2.44
UFC,,Tracy Cortez,1.476,1.476,Viviane Araujo,2.76,2.76
UFC,,Jacobe Smith,1.045,1.045,Niko Price,12.0,12.0
UFC,,Alvin Hines,4.6,4.6,Jhonata Diniz,1.217,1.217
UFC,,Jordan Leavitt,1.435,1.435,Kurt Holobaugh,2.9,2.9
UFC,,Bolaji Oki,1.161,1.161,Michael Aswell,5.6,5.6
UFC,,Alice Ardelean,2.76,2.76,Rayanne Dos Santos,1.476,1.476
UFC,,Erin Blanchfield,1.408,1.408,Maycee Barber,3.0,3.0
UFC,,Ludovit Klein,2.3,2.3,Mateusz Gamrot,1.649,1.649
UFC,,Billy Ray Goff,1.247,1.247,Ramiz Brahimaj,4.2,4.2
UFC,,Bruno Lopes,2.62,2.62,Dustin Jacoby,1.515,1.515
UFC,,Ketlen Vieira,2.22,2.22,Macy Chiasson,1.694,1.694
UFC,,Dusko Todorovic,2.76,2.76,Zach Reese,1.476,1.476
UFC,,Allan Nascimento,1.833,1.833,Jafel Filho,2.02,2.02
UFC Fight Night: Albazi vs Taira Odds,,Hyun Sung Park,3.7,3.7,Tatsuro Taira,1.299,1.299
UFC Fight Night: Albazi vs Taira Odds,,Chris Duncan,2.98,2.98,Mateusz Rebecki,1.417,1.417
UFC Fight Night: Albazi vs Taira Odds,,Elves Brener,3.15,3.15,Esteban Ribovics,1.385,1.385
UFC Fight Night: Albazi vs Taira Odds,,Karol Rosa,1.633,1.633,Nora Cornolle,2.32,2.32
UFC Fight Night: Albazi vs Taira Odds,,Elizeu Zaleski,1.633,1.633,Neil Magny,2.34,2.34
UFC Fight Night: Albazi vs Taira Odds,,Danny Silva,4.0,4.0,Kevin Vallejos,1.267,1.267
UFC Fight Night: Albazi vs Taira Odds,,Andrey Pulyaev,1.794,1.794,Nick Klein,2.08,2.08
UFC Fight Night: Albazi vs Taira Odds,,Austin Bashi,1.087,1.087,John Yannis,8.3,8.3
UFC Fight Night: Albazi vs Taira Odds,,Felipe Bunes,5.9,5.9,Rafael Estevam,1.149,1.149
UFC Fight Night: Albazi vs Taira Odds,,Ketlen Souza,3.1,3.1,Piera Rodriguez,1.392,1.392
UFC Fight Night: Albazi vs Taira Odds,,Amir Albazi,,,Tatsuro Taira,,
UFC,,Nathan Fletcher,3.9,3.9,Rinya Nakamura,1.278,1.278
UFC,,Rodolfo Vieira,1.426,1.426,Tresean Gore,2.94,2.94
UFC,,Johnny Walker,3.95,3.95,Zhang Mingyang,1.27,1.27
UFC,,Aljamain Stirling,1.204,1.204,Brian Ortega,4.8,4.8
UFC,,Sergei Pavlovich,1.385,1.385,Waldo Cortes-Acosta,3.15,3.15
UFC,,Kevin Borjas,2.42,2.42,Sumudaerji Sumudaerji,1.595,1.595
UFC,,Kiefer Crosbie,4.9,4.9,Taiyilake Nueraji,1.196,1.196
UFC,,Gauge Young,1.725,1.725,Maheshate,2.18,2.18
UFC,,Charles Johnson,3.05,3.05,Lone'er Kavanagh,1.4,1.4
UFC,,Austin Hubbard,3.4,3.4,Rongzhu,1.339,1.339
UFC,,Kyle Daukaus,3.0,3.0,Michel Pereira,1.408,1.408
UFC,,Westin Wilson,7.4,7.4,Yizha,1.105,1.105
UFC,,Long Xiao,,,Su Young You,,
UFC,,Suyoung You,1.735,1.735,Xiao Long,2.18,2.18
UFC,,Diyar Nurgozhay,1.862,1.862,Uran Satybaldiev,1.98,1.98
UFC,,Bruna Brasil,,,Ming Shi,,
UFC,,Nyamjargal Tumendemberel,,,Terrance Saeteurn,,
UFC,,Ren Yawei,,,Sangwook Kim,,
UFC,,Charles Oliveira,1.926,1.926,Mateusz Gamrot,1.926,1.926
UFC,,Deiveson Figueiredo,3.65,3.65,Montel Jackson,1.303,1.303
UFC,,Joel Alvarez,1.154,1.154,Vicente Luque,5.1,5.1
UFC,,Merab Dvalishvili,1.267,1.267,Petr Yan,4.0,4.0
UFC,,Alexandre Pantoja,1.476,1.476,Joshua van,2.76,2.76
UFC,,Brandon Moreno,1.98,1.98,Tatsuro Taira,1.862,1.862
UFC,,Henry Cejudo,3.05,3.05,Payton Talbott,1.4,1.4
UFC,,Bogdan Guskov,1.794,1.794,Jan Blachowicz,2.08,2.08
UFC,,Grant Dawson,1.37,1.37,Manuel Torres,3.2,3.2
UFC,,Chris Duncan,1.794,1.794,Terrance McKinney,2.08,2.08
UFC,,Karine Silva,2.84,2.84,Maycee Barber,1.455,1.455
UFC,,Fares Ziam,1.532,1.532,Nazim Sadykhov,2.58,2.58
UFC,,Brunno Ferreira,2.08,2.08,Marvin Vettori,1.769,1.769
UFC,,Edson Barboza,4.6,4.6,Jalin Turner,1.217,1.217
UFC,,Ibo Aslan,2.8,2.8,Iwo Baraniewski,1.465,1.465
UFC,,Justin Gaethje,3.0,3.0,Paddy Pimblett,1.408,1.408
UFC,,Sean Omalley,1.444,1.444,Song Yadong,2.88,2.88
UFC,,Derrick Lewis,3.7,3.7,Waldo Cortes-Acosta,1.299,1.299
UFC,,Natalia Silva,1.303,1.303,Rose Namajunas,3.65,3.65
UFC,,Arnold Allen,2.84,2.84,Jean Silva,1.455,1.455
UFC,,Deiveson Figueiredo,9.7,9.7,Umar Nurmagomedov,1.067,1.067
UFC,,Andrey Pulyaev,7.6,7.6,Ateba Gautier,1.1,1.1
UFC,,Modestas Bukauskas,1.758,1.758,Nikita Krylov,2.12,2.12
UFC,,Alex Perez,2.54,2.54,Charles Johson,1.543,1.543
UFC,,Amanda Nunes,2.58,2.58,Kayla Harrison,1.488,1.488
UFC,,Alexander Volkanovski,1.617,1.617,Diego Lopes,2.36,2.36
UFC,,Benoit Saint Denis,1.25,1.25,Dan Hooker,4.1,4.1
UFC,,Mauricio Ruffy,2.06,2.06,Rafael Fiziev,1.806,1.806
UFC,,Tai Tuivasa,3.45,3.45,Tallison Teixeira,1.333,1.333
UFC,,Jamie Mullarkey,8.0,8.0,Quillan Salkilld,1.091,1.091
UFC,,Billy Elekana,1.37,1.37,Junior Tafa,3.2,3.2
UFC,,Cam Rowston,1.278,1.278,Cody Brundage,3.9,3.9
UFC,,Jacob Malkoun,1.704,1.704,Torrez Finney,2.2,2.2
UFC,,Jonathan Micallef,1.794,1.794,Oban Elliott,2.08,2.08
UFC,,Kaan Ofli,3.05,3.05,Yizha,1.408,1.408
UFC,,Dom Mar Fan,1.633,1.633,Kim Sang Wook,2.36,2.36
UFC,,Keiichiro Nakamura,2.02,2.02,Sebastian Szalay,1.833,1.833
UFC,,Lawrence Lui,3.35,3.35,Sulangrangbo,1.345,1.345
UFC,,Charles Oliveira,2.58,2.58,Max Holloway,1.488,1.488
UFC,,Drew Dober,,,Michael Johnson,,
UFC,,Raul Rosas Jr,1.488,1.488,Rob Font,2.58,2.58
UFC,,Brunno Ferreira,2.64,2.64,Gregory Rodrigues,1.465,1.465
UFC,,Cody Durden,2.22,2.22,Nyamjargal Tumendemberel,1.641,1.641
UFC,,Cody Brundage,,,Donte Johnson,,
UFC,,Alberto Montes,,,Ricky Turcios,,
